{
  "none": {
    "cosine": {
      "top_k": 0.52618,
      "kendall_tau": 0.1677732353117317,
      "spearman_rho": 0.22481336832325907,
      "cosine_sim": 0.6550111281275749,
      "pearson": 0.649432212203741
    },
    "diff_kendall": {
      "top_k": 0.53508,
      "kendall_tau": 0.1546619224390015,
      "spearman_rho": 0.20014195244805885,
      "cosine_sim": 0.7384851805269718,
      "pearson": 0.7275768727660179
    },
    "soft_spearman": {
      "top_k": 0.53818,
      "kendall_tau": 0.15791651619970798,
      "spearman_rho": 0.21163262820756062,
      "cosine_sim": 0.6696671329289675,
      "pearson": 0.6604968025237322
    },
    "pearson": {
      "top_k": 0.5327500000000001,
      "kendall_tau": 0.17662472608312965,
      "spearman_rho": 0.240118144698441,
      "cosine_sim": 0.6726255249083042,
      "pearson": 0.6590029751956463
    }
  },
  "at": {
    "cosine": {
      "top_k": 0.73921,
      "kendall_tau": 0.1655288013704121,
      "spearman_rho": 0.25234009461477397,
      "cosine_sim": 0.32557550809532404,
      "pearson": 0.3064352033808827
    },
    "diff_kendall": {
      "top_k": 0.7687900000000001,
      "kendall_tau": 0.16931200428307056,
      "spearman_rho": 0.25536425951868297,
      "cosine_sim": 0.5631385079920292,
      "pearson": 0.5503338555395603
    },
    "soft_spearman": {
      "top_k": 0.77355,
      "kendall_tau": 0.16377798108384015,
      "spearman_rho": 0.2510221461839974,
      "cosine_sim": 0.5022827576845884,
      "pearson": 0.486215079754591
    },
    "pearson": {
      "top_k": 0.74796,
      "kendall_tau": 0.16551872395165262,
      "spearman_rho": 0.26469231859222053,
      "cosine_sim": 0.30949684482812884,
      "pearson": 0.2892883515879512
    }
  },
  "at+cosine": {
    "cosine": {
      "top_k": 0.70017,
      "kendall_tau": 0.1920665014795959,
      "spearman_rho": 0.24415818361891434,
      "cosine_sim": 0.7621350264847279,
      "pearson": 0.7514412556886673
    },
    "diff_kendall": {
      "top_k": 0.72687,
      "kendall_tau": 0.18763756804168225,
      "spearman_rho": 0.23645643052365634,
      "cosine_sim": 0.7973614820837975,
      "pearson": 0.7879809041619301
    },
    "soft_spearman": {
      "top_k": 0.74897,
      "kendall_tau": 0.2029576112180948,
      "spearman_rho": 0.25587110477825625,
      "cosine_sim": 0.7896753547191621,
      "pearson": 0.7799755899012089
    },
    "pearson": {
      "top_k": 0.70089,
      "kendall_tau": 0.20013982661813498,
      "spearman_rho": 0.2817844544164837,
      "cosine_sim": 0.7521913194954395,
      "pearson": 0.7404937423467637
    }
  },
  "at+diff_kendall": {
    "cosine": {
      "top_k": 0.68774,
      "kendall_tau": 0.19475635132193564,
      "spearman_rho": 0.34414879085868594,
      "cosine_sim": 0.41805863614380356,
      "pearson": 0.39637956276535985
    },
    "diff_kendall": {
      "top_k": 0.7468899999999999,
      "kendall_tau": 0.19756858943402766,
      "spearman_rho": 0.44181552875041963,
      "cosine_sim": 0.5913890136182308,
      "pearson": 0.5747238456308842
    },
    "soft_spearman": {
      "top_k": 0.75535,
      "kendall_tau": 0.20222160869836808,
      "spearman_rho": 0.4157828694283962,
      "cosine_sim": 0.5856931820809841,
      "pearson": 0.5668015396595001
    },
    "pearson": {
      "top_k": 0.6923199999999999,
      "kendall_tau": 0.20220051530003547,
      "spearman_rho": 0.49467887850105763,
      "cosine_sim": 0.39129784773290155,
      "pearson": 0.36605617675185204
    }
  },
  "at+soft_spearman": {
    "cosine": {
      "top_k": 0.7531000000000001,
      "kendall_tau": 0.20601528184115886,
      "spearman_rho": 0.41603062599897384,
      "cosine_sim": 0.5983605542182923,
      "pearson": 0.5717703324556351
    },
    "diff_kendall": {
      "top_k": 0.74064,
      "kendall_tau": 0.18133746134862302,
      "spearman_rho": 0.37886525967158374,
      "cosine_sim": 0.7203486982584,
      "pearson": 0.7017080966830254
    },
    "soft_spearman": {
      "top_k": 0.79775,
      "kendall_tau": 0.22614504431933166,
      "spearman_rho": 0.44570469555817543,
      "cosine_sim": 0.773406529724598,
      "pearson": 0.7580565914809704
    },
    "pearson": {
      "top_k": 0.75292,
      "kendall_tau": 0.21210581266134976,
      "spearman_rho": 0.422761819049716,
      "cosine_sim": 0.5974850029051304,
      "pearson": 0.5707970314025879
    }
  },
  "at+pearson": {
    "cosine": {
      "top_k": 0.7123200000000001,
      "kendall_tau": 0.18859155533462763,
      "spearman_rho": 0.28629186676512475,
      "cosine_sim": 0.7531865742206574,
      "pearson": 0.7432119460999965
    },
    "diff_kendall": {
      "top_k": 0.73333,
      "kendall_tau": 0.1873959254398942,
      "spearman_rho": 0.28784725131373856,
      "cosine_sim": 0.7878942818641662,
      "pearson": 0.7784720233082771
    },
    "soft_spearman": {
      "top_k": 0.75367,
      "kendall_tau": 0.20043038618564607,
      "spearman_rho": 0.31278435258753595,
      "cosine_sim": 0.7789950531125068,
      "pearson": 0.7688743114769458
    },
    "pearson": {
      "top_k": 0.7100099999999999,
      "kendall_tau": 0.19896145133674142,
      "spearman_rho": 0.3718735227715224,
      "cosine_sim": 0.7429085730314254,
      "pearson": 0.7316261124610901
    }
  },
  "trades": {
    "cosine": {
      "top_k": 0.7255499999999999,
      "kendall_tau": 0.16176762533187866,
      "spearman_rho": 0.28923764056852086,
      "cosine_sim": 0.3101480406671763,
      "pearson": 0.28730226260423664
    },
    "diff_kendall": {
      "top_k": 0.7496799999999999,
      "kendall_tau": 0.1679713090583682,
      "spearman_rho": 0.3093651772032026,
      "cosine_sim": 0.5227642946243286,
      "pearson": 0.5063395871371031
    },
    "soft_spearman": {
      "top_k": 0.76293,
      "kendall_tau": 0.16500422115251423,
      "spearman_rho": 0.29508409956609827,
      "cosine_sim": 0.4975345503985881,
      "pearson": 0.47933569303154944
    },
    "pearson": {
      "top_k": 0.73864,
      "kendall_tau": 0.1635029892809689,
      "spearman_rho": 0.33266163421259265,
      "cosine_sim": 0.28251578702032565,
      "pearson": 0.2581469823867083
    }
  },
  "trades+cosine": {
    "cosine": {
      "top_k": 0.57101,
      "kendall_tau": 0.16293818547576666,
      "spearman_rho": 0.37370502439141273,
      "cosine_sim": 0.5268731812536716,
      "pearson": 0.48741545349359516
    },
    "diff_kendall": {
      "top_k": 0.6133900000000001,
      "kendall_tau": 0.1632485018633306,
      "spearman_rho": 0.38490110039711,
      "cosine_sim": 0.6382148388922214,
      "pearson": 0.6079895493984223
    },
    "soft_spearman": {
      "top_k": 0.62462,
      "kendall_tau": 0.17773624831810592,
      "spearman_rho": 0.4017266564518214,
      "cosine_sim": 0.6265270192921162,
      "pearson": 0.596497493326664
    },
    "pearson": {
      "top_k": 0.55665,
      "kendall_tau": 0.16970986646786332,
      "spearman_rho": 0.40065246367454527,
      "cosine_sim": 0.525934676989913,
      "pearson": 0.48378297153115274
    }
  },
  "trades+diff_kendall": {
    "cosine": {
      "top_k": 0.71144,
      "kendall_tau": 0.20046268228441474,
      "spearman_rho": 0.48240772381424907,
      "cosine_sim": 0.34937280736118553,
      "pearson": 0.3166647002696991
    },
    "diff_kendall": {
      "top_k": 0.7134,
      "kendall_tau": 0.16002108990028502,
      "spearman_rho": 0.42082305750250815,
      "cosine_sim": 0.5476871387101709,
      "pearson": 0.5258632770068944
    },
    "soft_spearman": {
      "top_k": 0.7676999999999999,
      "kendall_tau": 0.21564370588213205,
      "spearman_rho": 0.4944807935357094,
      "cosine_sim": 0.5269058626145124,
      "pearson": 0.5029185108914971
    },
    "pearson": {
      "top_k": 0.7017800000000001,
      "kendall_tau": 0.2104389408752322,
      "spearman_rho": 0.4811354177892208,
      "cosine_sim": 0.3362432612106204,
      "pearson": 0.30126542164385317
    }
  },
  "trades+soft_spearman": {
    "cosine": {
      "top_k": 0.71619,