{
  "none": {
    "natural": 0.9006410256410257,
    "fgsm": 0.0016025641025641025,
    "pgd20": 0.0,
    "cw_inf": 0.0
  },
  "at": {
    "natural": 0.8637820512820513,
    "fgsm": 0.5208333333333334,
    "pgd20": 0.4326923076923077,
    "cw_inf": 0.4326923076923077
  },
  "at+cosine": {
    "natural": 0.8605769230769231,
    "fgsm": 0.49198717948717946,
    "pgd20": 0.42948717948717946,
    "cw_inf": 0.42788461538461536
  },
  "at+diff_kendall": {
    "natural": 0.8653846153846154,
    "fgsm": 0.5176282051282052,
    "pgd20": 0.4326923076923077,
    "cw_inf": 0.42628205128205127
  },
  "at+soft_spearman": {
    "natural": 0.8589743589743589,
    "fgsm": 0.5208333333333334,
    "pgd20": 0.46474358974358976,
    "cw_inf": 0.4583333333333333
  },
  "at+pearson": {
    "natural": 0.8605769230769231,
    "fgsm": 0.4583333333333333,
    "pgd20": 0.40544871794871795,
    "cw_inf": 0.40384615384615385
  },
  "trades": {
    "natural": 0.7932692307692307,
    "fgsm": 0.5496794871794872,
    "pgd20": 0.5096153846153846,
    "cw_inf": 0.5096153846153846
  },
  "trades+cosine": {
    "natural": 0.7435897435897436,
    "fgsm": 0.5913461538461539,
    "pgd20": 0.5641025641025641,
    "cw_inf": 0.5641025641025641
  },
  "trades+diff_kendall": {
    "natural": 0.7387820512820513,
    "fgsm": 0.5913461538461539,
    "pgd20": 0.5673076923076923,
    "cw_inf": 0.5673076923076923
  },
  "trades+soft_spearman": {
    "natural": 0.7483974358974359,
    "fgsm": 0.6201923076923077,
    "pgd20": 0.5721153846153846,
    "cw_inf": 0.5721153846153846
  },
  "trades+pearson": {
    "natural": 0.7868589743589743,
    "fgsm": 0.592948717948718,
    "pgd20": 0.5432692307692307,
    "cw_inf": 0.5416666666666666
  },
  "mart": {
    "natural": 0.875,
    "fgsm": 0.4583333333333333,
    "pgd20": 0.34294871794871795,
    "cw_inf": 0.34775641025641024
  },
  "mart+cosine": {
    "natural": 0.8846153846153846,
    "fgsm": 0.4166666666666667,
    "pgd20": 0.3173076923076923,
    "cw_inf": 0.3157051282051282
  },
  "mart+diff_kendall": {
    "natural": 0.8830128205128205,
    "fgsm": 0.4358974358974359,
    "pgd20": 0.3092948717948718,
    "cw_inf": 0.30448717948717946
  },
  "mart+soft_spearman": {
    "natural": 0.875,
    "fgsm": 0.46794871794871795,
    "pgd20": 0.34294871794871795,
    "cw_inf": 0.3301282051282051
  },
  "mart+pearson": {
    "natural": 0.8830128205128205,
    "fgsm": 0.453525641025641,
    "pgd20": 0.3317307692307692,
    "cw_inf": 0.3269230769230769
  }
}