{
  "at+cosine+diff_kendall": {
    "natural": 0.8669871794871795,
    "fgsm": 0.4967948717948718,
    "pgd20": 0.4342948717948718,
    "cw_inf": 0.4326923076923077
  },
  "at+cosine+soft_spearman": {
    "natural": 0.8621794871794872,
    "fgsm": 0.46794871794871795,
    "pgd20": 0.4182692307692308,
    "cw_inf": 0.4166666666666667
  },
  "trades+cosine+diff_kendall": {
    "natural": 0.7211538461538461,
    "fgsm": 0.6185897435897436,
    "pgd20": 0.594551282051282,
    "cw_inf": 0.592948717948718
  },
  "trades+cosine+soft_spearman": {
    "natural": 0.7483974358974359,
    "fgsm": 0.5897435897435898,
    "pgd20": 0.5705128205128205,
    "cw_inf": 0.5721153846153846
  },
  "mart+cosine+diff_kendall": {
    "natural": 0.8814102564102564,
    "fgsm": 0.47115384615384615,
    "pgd20": 0.3157051282051282,
    "cw_inf": 0.3157051282051282
  },
  "mart+cosine+soft_spearman": {
    "natural": 0.8766025641025641,
    "fgsm": 0.4391025641025641,
    "pgd20": 0.3157051282051282,
    "cw_inf": 0.3173076923076923
  }
}