{
  "none": {
    "cosine": {
      "top_k": 0.3761,
      "kendall_tau": 0.578485966861248,
      "spearman_rho": 0.7497034823894501,
      "cosine_sim": 0.6235616596341134,
      "pearson": 0.6207626719474792
    },
    "diff_kendall": {
      "top_k": 0.54764,
      "kendall_tau": 0.6203823242187501,
      "spearman_rho": 0.7789385522603989,
      "cosine_sim": 0.729941406339407,
      "pearson": 0.7279417267441749
    },
    "soft_spearman": {
      "top_k": 0.53594,
      "kendall_tau": 0.6173026661872865,
      "spearman_rho": 0.7839198068976402,
      "cosine_sim": 0.7676440233588219,
      "pearson": 0.7762802793383599
    },
    "pearson": {
      "top_k": 0.37802,
      "kendall_tau": 0.5788154727220535,
      "spearman_rho": 0.750712265431881,
      "cosine_sim": 0.626452130585909,
      "pearson": 0.6232479401230812
    }
  },
  "at": {
    "cosine": {
      "top_k": 0.66629,
      "kendall_tau": 0.6517812528908252,
      "spearman_rho": 0.803548360645771,
      "cosine_sim": 0.7716466640532017,
      "pearson": 0.7686198745667935
    },
    "diff_kendall": {
      "top_k": 0.68134,
      "kendall_tau": 0.6663986361324786,
      "spearman_rho": 0.8214057927727699,
      "cosine_sim": 0.8155537236332894,
      "pearson": 0.8188850407302379
    },
    "soft_spearman": {
      "top_k": 0.69493,
      "kendall_tau": 0.6777106232047081,
      "spearman_rho": 0.8316316511034966,
      "cosine_sim": 0.8444039874076843,
      "pearson": 0.8499576624333859
    },
    "pearson": {
      "top_k": 0.6610400000000001,
      "kendall_tau": 0.652988475471735,
      "spearman_rho": 0.8047270029187203,
      "cosine_sim": 0.7686111255884172,
      "pearson": 0.7649645401239396
    }
  },
  "at+cosine": {
    "cosine": {
      "top_k": 0.8044100000000001,
      "kendall_tau": 0.7259068290889263,
      "spearman_rho": 0.8571244645118714,
      "cosine_sim": 0.8647396675944329,
      "pearson": 0.8555211193263531
    },
    "diff_kendall": {
      "top_k": 0.8376999999999999,
      "kendall_tau": 0.761107988357544,
      "spearman_rho": 0.8956888309121132,
      "cosine_sim": 0.9481357994675637,
      "pearson": 0.9451458508968352
    },
    "soft_spearman": {
      "top_k": 0.85549,
      "kendall_tau": 0.7722419203519821,
      "spearman_rho": 0.9047079573869705,
      "cosine_sim": 0.9575635214447974,
      "pearson": 0.9552725726962089
    },
    "pearson": {
      "top_k": 0.8039099999999999,
      "kendall_tau": 0.7241427339017392,
      "spearman_rho": 0.8553287012577057,
      "cosine_sim": 0.8619364492595196,
      "pearson": 0.852404625326395
    }
  },
  "at+diff_kendall": {
    "cosine": {
      "top_k": 0.82494,
      "kendall_tau": 0.9476688942313194,
      "spearman_rho": 0.9955847473740578,
      "cosine_sim": 0.990455512881279,
      "pearson": 0.9908902942538262
    },
    "diff_kendall": {
      "top_k": 0.84027,
      "kendall_tau": 0.9472304127812385,
      "spearman_rho": 0.9955440502762795,
      "cosine_sim": 0.991847883760929,
      "pearson": 0.9922385780811309
    },
    "soft_spearman": {
      "top_k": 0.8465399999999998,
      "kendall_tau": 0.9506182179450988,
      "spearman_rho": 0.996143694102764,
      "cosine_sim": 0.9922977343797683,
      "pearson": 0.9927997127175331
    },
    "pearson": {
      "top_k": 0.82415,
      "kendall_tau": 0.9463900167942046,
      "spearman_rho": 0.9954746056199074,
      "cosine_sim": 0.9904539601802826,
      "pearson": 0.9907044228911399
    }
  },
  "at+soft_spearman": {
    "cosine": {
      "top_k": 0.82061,
      "kendall_tau": 0.7537106567621231,
      "spearman_rho": 0.8930411214828491,
      "cosine_sim": 0.9223493785858154,
      "pearson": 0.9218390391469002
    },
    "diff_kendall": {
      "top_k": 0.83962,
      "kendall_tau": 0.7510051314234734,
      "spearman_rho": 0.8931346145272254,
      "cosine_sim": 0.9455042667984962,
      "pearson": 0.9455287798643113
    },
    "soft_spearman": {
      "top_k": 0.8583299999999999,
      "kendall_tau": 0.7697630213499069,
      "spearman_rho": 0.9075350167751312,
      "cosine_sim": 0.9622759532928467,
      "pearson": 0.9624042024016382
    },
    "pearson": {
      "top_k": 0.82182,
      "kendall_tau": 0.7508603405356407,
      "spearman_rho": 0.8905574753284455,
      "cosine_sim": 0.9200895298123359,
      "pearson": 0.9195558706521988
    }
  },
  "at+pearson": {
    "cosine": {
      "top_k": 0.8262599999999999,
      "kendall_tau": 0.7508901487588883,
      "spearman_rho": 0.8898170374035835,
      "cosine_sim": 0.9235070458650589,
      "pearson": 0.9247221863269806
    },
    "diff_kendall": {
      "top_k": 0.8352299999999999,
      "kendall_tau": 0.7600179411768913,
      "spearman_rho": 0.896444018959999,
      "cosine_sim": 0.9391600952148437,
      "pearson": 0.9410980690121651
    },
    "soft_spearman": {
      "top_k": 0.8496600000000001,
      "kendall_tau": 0.7658541370034218,
      "spearman_rho": 0.9001179873943329,
      "cosine_sim": 0.9514767488837241,
      "pearson": 0.9534323673248292
    },
    "pearson": {
      "top_k": 0.8266199999999999,
      "kendall_tau": 0.7481791532039642,
      "spearman_rho": 0.8877727721333504,
      "cosine_sim": 0.9233772450089454,
      "pearson": 0.924564356148243
    }
  },
  "trades": {
    "cosine": {
      "top_k": 0.7663800000000001,
      "kendall_tau": 0.7118681945800781,
      "spearman_rho": 0.8597078187465668,
      "cosine_sim": 0.9056809374690056,
      "pearson": 0.9070196835398674
    },
    "diff_kendall": {
      "top_k": 0.7668200000000001,
      "kendall_tau": 0.7211811347603797,
      "spearman_rho": 0.8662867148518563,
      "cosine_sim": 0.8931680443882943,
      "pearson": 0.8964717788696289
    },
    "soft_spearman": {
      "top_k": 0.7708,
      "kendall_tau": 0.7210841329693795,
      "spearman_rho": 0.8663600130677223,
      "cosine_sim": 0.8971254593133926,
      "pearson": 0.9006639684438706
    },
    "pearson": {
      "top_k": 0.76746,
      "kendall_tau": 0.7139844556450844,
      "spearman_rho": 0.8612877604961395,
      "cosine_sim": 0.9072865965962411,
      "pearson": 0.9084043090939522
    }
  },
  "trades+cosine": {
    "cosine": {
      "top_k": 0.86403,
      "kendall_tau": 0.7447252663373948,
      "spearman_rho": 0.8846944211125374,
      "cosine_sim": 0.96567030107975,
      "pearson": 0.9659006852507591
    },
    "diff_kendall": {
      "top_k": 0.82087,
      "kendall_tau": 0.7158466420173645,
      "spearman_rho": 0.8595085467696191,
      "cosine_sim": 0.9468618695735931,
      "pearson": 0.9474483978152275
    },
    "soft_spearman": {
      "top_k": 0.8315899999999999,
      "kendall_tau": 0.7202953135967254,
      "spearman_rho": 0.8630105956792832,
      "cosine_sim": 0.9532302578687668,
      "pearson": 0.9538216384053231
    },
    "pearson": {
      "top_k": 0.86426,
      "kendall_tau": 0.7453012381792068,
      "spearman_rho": 0.8852957860827446,
      "cosine_sim": 0.9656756397485733,
      "pearson": 0.9658945149183273
    }
  },
  "trades+diff_kendall": {
    "cosine": {
      "top_k": 0.8270500000000001,
      "kendall_tau": 0.9441055511832237,
      "spearman_rho": 0.9953329069018364,
      "cosine_sim": 0.9871286966800691,
      "pearson": 0.9871490162014961
    },
    "diff_kendall": {
      "top_k": 0.8459300000000001,
      "kendall_tau": 0.9451938325166702,
      "spearman_rho": 0.995470924794674,
      "cosine_sim": 0.9896098340749739,
      "pearson": 0.9896553164720535
    },
    "soft_spearman": {
      "top_k": 0.8549,
      "kendall_tau": 0.9479167314171791,
      "spearman_rho": 0.9958872642517089,
      "cosine_sim": 0.9907205794453621,
      "pearson": 0.9907580276131631
    },
    "pearson": {
      "top_k": 0.8265399999999999,
      "kendall_tau": 0.9435025797486306,
      "spearman_rho": 0.9952720795869828,
      "cosine_sim": 0.9870010122060776,
      "pearson": 0.9870131610631943
    }
  },
  "trades+soft_spearman": {
    "cosine": {
      "top_k": 0.8263199999999999,