{
  "none": {
    "top_k": 0.3761,
    "kendall_tau": 0.578485966861248,
    "spearman_rho": 0.7497034823894501,
    "cosine_sim": 0.6235616596341134,
    "pearson": 0.6207626719474792
  },
  "at": {
    "top_k": 0.66629,
    "kendall_tau": 0.6517812528908252,
    "spearman_rho": 0.803548360645771,
    "cosine_sim": 0.7716466640532017,
    "pearson": 0.7686198745667935
  },
  "at+cosine": {
    "top_k": 0.8044100000000001,
    "kendall_tau": 0.7259068290889263,
    "spearman_rho": 0.8571244645118714,
    "cosine_sim": 0.8647396675944329,
    "pearson": 0.8555211193263531
  },
  "at+diff_kendall": {
    "top_k": 0.82494,
    "kendall_tau": 0.9476688942313194,
    "spearman_rho": 0.9955847473740578,
    "cosine_sim": 0.990455512881279,
    "pearson": 0.9908902942538262
  },
  "at+soft_spearman": {
    "top_k": 0.82061,
    "kendall_tau": 0.7537106567621231,
    "spearman_rho": 0.8930411214828491,
    "cosine_sim": 0.9223493785858154,
    "pearson": 0.9218390391469002
  },
  "at+pearson": {
    "top_k": 0.8262599999999999,
    "kendall_tau": 0.7508901487588883,
    "spearman_rho": 0.8898170374035835,
    "cosine_sim": 0.9235070458650589,
    "pearson": 0.9247221863269806
  },
  "trades": {
    "top_k": 0.7663800000000001,
    "kendall_tau": 0.7118681945800781,
    "spearman_rho": 0.8597078187465668,
    "cosine_sim": 0.9056809374690056,
    "pearson": 0.9070196835398674
  },
  "trades+cosine": {
    "top_k": 0.86403,
    "kendall_tau": 0.7447252663373948,
    "spearman_rho": 0.8846944211125374,
    "cosine_sim": 0.96567030107975,
    "pearson": 0.9659006852507591
  },
  "trades+diff_kendall": {
    "top_k": 0.8270500000000001,
    "kendall_tau": 0.9441055511832237,
    "spearman_rho": 0.9953329069018364,
    "cosine_sim": 0.9871286966800691,
    "pearson": 0.9871490162014961
  },
  "trades+soft_spearman": {
    "top_k": 0.8263199999999999,
    "kendall_tau": 0.7095022743940353,
    "spearman_rho": 0.8505191496014595,
    "cosine_sim": 0.9734346330165863,
    "pearson": 0.9735899834632875
  },
  "trades+pearson": {
    "top_k": 0.8019700000000001,
    "kendall_tau": 0.6728368106484414,
    "spearman_rho": 0.8226825872063637,
    "cosine_sim": 0.9588649743795395,
    "pearson": 0.9587018207907677
  },
  "mart": {
    "top_k": 0.65232,
    "kendall_tau": 0.6671187323331832,
    "spearman_rho": 0.8261233505606651,
    "cosine_sim": 0.7892810250818729,
    "pearson": 0.7845906359553337
  },
  "mart+cosine": {
    "top_k": 0.80152,
    "kendall_tau": 0.7480105319619179,
    "spearman_rho": 0.8936156356334687,
    "cosine_sim": 0.9532331224679946,
    "pearson": 0.9525453647971153
  },
  "mart+diff_kendall": {
    "top_k": 0.89689,
    "kendall_tau": 0.9543853574395179,
    "spearman_rho": 0.9957521929740907,
    "cosine_sim": 0.9931068404316902,
    "pearson": 0.99334633654356
  },
  "mart+soft_spearman": {
    "top_k": 0.73993,
    "kendall_tau": 0.7434872835874557,
    "spearman_rho": 0.8924978365898133,
    "cosine_sim": 0.9265536977648734,
    "pearson": 0.9315680702328681
  },
  "mart+pearson": {
    "top_k": 0.79494,
    "kendall_tau": 0.7516639641523362,
    "spearman_rho": 0.8973558418154717,
    "cosine_sim": 0.948489031612873,
    "pearson": 0.950730440735817
  }
}