{
  "none": {
    "cosine": {
      "top_k": 0.25823999999999997,
      "kendall_tau": 0.18028865351033163,
      "spearman_rho": 0.2669250857015141,
      "cosine_sim": 0.29206004885816944,
      "pearson": 0.28555223991139794
    },
    "diff_kendall": {
      "top_k": 0.35532,
      "kendall_tau": 0.18726355280925053,
      "spearman_rho": 0.27776445560297,
      "cosine_sim": 0.4820307001844048,
      "pearson": 0.4759482982773334
    },
    "soft_spearman": {
      "top_k": 0.38405,
      "kendall_tau": 0.22972290045861157,
      "spearman_rho": 0.33262223867326973,
      "cosine_sim": 0.5091279483288527,
      "pearson": 0.5015329485610127
    },
    "pearson": {
      "top_k": 0.28095,
      "kendall_tau": 0.204787050379673,
      "spearman_rho": 0.30080279836896806,
      "cosine_sim": 0.3229096696162596,
      "pearson": 0.3130488176867366
    }
  },
  "at": {
    "cosine": {
      "top_k": 0.43922,
      "kendall_tau": 0.10300070772517937,
      "spearman_rho": 0.1489700366477482,
      "cosine_sim": 0.2329952130470192,
      "pearson": 0.21445144130429253
    },
    "diff_kendall": {
      "top_k": 0.45438,
      "kendall_tau": 0.10776016617804998,
      "spearman_rho": 0.15476842824183407,
      "cosine_sim": 0.31503078412637114,
      "pearson": 0.2980932384016924
    },
    "soft_spearman": {
      "top_k": 0.48117,
      "kendall_tau": 0.11144865520577878,
      "spearman_rho": 0.15851476125326008,
      "cosine_sim": 0.39273672099085527,
      "pearson": 0.37721574782091194
    },
    "pearson": {
      "top_k": 0.45302,
      "kendall_tau": 0.1065862695685355,
      "spearman_rho": 0.15452902226708828,
      "cosine_sim": 0.23866484812949781,
      "pearson": 0.22019132227875526
    }
  },
  "at+cosine": {
    "cosine": {
      "top_k": 0.4686,
      "kendall_tau": 0.3318169077690691,
      "spearman_rho": 0.48659538246691225,
      "cosine_sim": 0.655788376674056,
      "pearson": 0.6456601489633321
    },
    "diff_kendall": {
      "top_k": 0.51444,
      "kendall_tau": 0.3173809338444844,
      "spearman_rho": 0.464175496250391,
      "cosine_sim": 0.7562348124086856,
      "pearson": 0.7493810262084007
    },
    "soft_spearman": {
      "top_k": 0.53571,
      "kendall_tau": 0.3547189635261893,
      "spearman_rho": 0.5087421503663063,
      "cosine_sim": 0.7644727179408074,
      "pearson": 0.7579682644009591
    },
    "pearson": {
      "top_k": 0.46958,
      "kendall_tau": 0.33162008575722574,
      "spearman_rho": 0.48711820544302464,
      "cosine_sim": 0.6536726191788912,
      "pearson": 0.6430331843793392
    }
  },
  "at+diff_kendall": {
    "cosine": {
      "top_k": 0.58638,
      "kendall_tau": 0.5051990452687606,
      "spearman_rho": 0.6833890074836091,
      "cosine_sim": 0.731999384034425,
      "pearson": 0.7293891583941876
    },
    "diff_kendall": {
      "top_k": 0.72127,
      "kendall_tau": 0.5142148327808828,
      "spearman_rho": 0.6838135322944727,
      "cosine_sim": 0.8364589720219374,
      "pearson": 0.8352046259790658
    },
    "soft_spearman": {
      "top_k": 0.7139300000000001,
      "kendall_tau": 0.5467012206688524,
      "spearman_rho": 0.7270827817479149,
      "cosine_sim": 0.835254950016737,
      "pearson": 0.8339363442361355
    },
    "pearson": {
      "top_k": 0.58403,
      "kendall_tau": 0.5062614767178892,
      "spearman_rho": 0.6863932014089078,
      "cosine_sim": 0.7338791422881186,
      "pearson": 0.7308707349784672
    }
  },
  "at+soft_spearman": {
    "cosine": {
      "top_k": 0.4274,
      "kendall_tau": 0.40480521829053756,
      "spearman_rho": 0.5818977202624083,
      "cosine_sim": 0.5251988429538905,
      "pearson": 0.5163829689342528
    },
    "diff_kendall": {
      "top_k": 0.5345700000000001,
      "kendall_tau": 0.4018823025636375,
      "spearman_rho": 0.5803734748959541,
      "cosine_sim": 0.6489049642682075,
      "pearson": 0.641866330832243
    },
    "soft_spearman": {
      "top_k": 0.53994,
      "kendall_tau": 0.43309860195219513,
      "spearman_rho": 0.6162587851136923,
      "cosine_sim": 0.6533691491782665,
      "pearson": 0.6461930578052998
    },
    "pearson": {
      "top_k": 0.42243,
      "kendall_tau": 0.40455063579883427,
      "spearman_rho": 0.586650759883225,
      "cosine_sim": 0.5208345204256475,
      "pearson": 0.5109619950819762
    }
  },
  "at+pearson": {
    "cosine": {
      "top_k": 0.42421,
      "kendall_tau": 0.30630337352957576,
      "spearman_rho": 0.46699815307557585,
      "cosine_sim": 0.5853076912462711,
      "pearson": 0.5757835420891643
    },
    "diff_kendall": {
      "top_k": 0.47443,
      "kendall_tau": 0.28952342525008135,
      "spearman_rho": 0.44277726647257803,
      "cosine_sim": 0.6956550021767616,
      "pearson": 0.6889444122314453
    },
    "soft_spearman": {
      "top_k": 0.48930999999999997,
      "kendall_tau": 0.32934270744770766,
      "spearman_rho": 0.48794269333779816,
      "cosine_sim": 0.7015772159695625,
      "pearson": 0.6948715672791004
    },
    "pearson": {
      "top_k": 0.42536000000000007,
      "kendall_tau": 0.3097546207774431,
      "spearman_rho": 0.47350483544170857,
      "cosine_sim": 0.5833247460573912,
      "pearson": 0.5732692985460163
    }
  },
  "trades": {
    "cosine": {
      "top_k": 0.32653999999999994,
      "kendall_tau": 0.3234023233652115,
      "spearman_rho": 0.46049571824632585,
      "cosine_sim": 0.16873406504979357,
      "pearson": 0.14545643976004793
    },
    "diff_kendall": {
      "top_k": 0.37195999999999996,
      "kendall_tau": 0.32383537901379167,
      "spearman_rho": 0.4708136644861661,
      "cosine_sim": 0.2739217094425112,
      "pearson": 0.2532375250151381
    },
    "soft_spearman": {
      "top_k": 0.44762,
      "kendall_tau": 0.3629290909543633,
      "spearman_rho": 0.5046663456866518,
      "cosine_sim": 0.45515956464409835,
      "pearson": 0.4389797583855689
    },
    "pearson": {
      "top_k": 0.33205,
      "kendall_tau": 0.3359160965532064,
      "spearman_rho": 0.4762669765036553,
      "cosine_sim": 0.16826302623096853,
      "pearson": 0.1434181942548603
    }
  },
  "trades+cosine": {
    "cosine": {
      "top_k": 0.62108,
      "kendall_tau": 0.42588511360157283,
      "spearman_rho": 0.57306040854007,
      "cosine_sim": 0.7771461783051491,
      "pearson": 0.7638958625793457
    },
    "diff_kendall": {
      "top_k": 0.69587,
      "kendall_tau": 0.4149959866688587,
      "spearman_rho": 0.5449152745376341,
      "cosine_sim": 0.8694938077926636,
      "pearson": 0.861268555521965
    },
    "soft_spearman": {
      "top_k": 0.7001000000000001,
      "kendall_tau": 0.45784859443455933,
      "spearman_rho": 0.6009170956462622,
      "cosine_sim": 0.8737874346971513,
      "pearson": 0.8659111565351486
    },
    "pearson": {
      "top_k": 0.61543,
      "kendall_tau": 0.42935755241289736,
      "spearman_rho": 0.5703544065505266,
      "cosine_sim": 0.7749960619509221,
      "pearson": 0.7607874784469605
    }
  },
  "trades+diff_kendall": {
    "cosine": {
      "top_k": 0.54466,
      "kendall_tau": 0.4893200027644634,
      "spearman_rho": 0.7061534101888538,
      "cosine_sim": 0.5824737709313631,
      "pearson": 0.5622240245193243
    },
    "diff_kendall": {
      "top_k": 0.6340399999999999,
      "kendall_tau": 0.4734189940989017,
      "spearman_rho": 0.6880593215152622,
      "cosine_sim": 0.6754514611959458,
      "pearson": 0.6572253734618425
    },
    "soft_spearman": {
      "top_k": 0.6464700000000001,
      "kendall_tau": 0.5080816523209214,
      "spearman_rho": 0.7235710973739624,
      "cosine_sim": 0.677561931103468,
      "pearson": 0.6587201238572598
    },
    "pearson": {
      "top_k": 0.54405,
      "kendall_tau": 0.4957470287084579,
      "spearman_rho": 0.714669558994472,
      "cosine_sim": 0.5830664384365082,
      "pearson": 0.5589594966173171
    }
  },
  "trades+soft_spearman": {
    "cosine": {
      "top_k": 0.48544,
      "kendall_tau": 0.4361461005080491,