{
  "none": {
    "top_k": 0.25823999999999997,
    "kendall_tau": 0.18028865351033163,
    "spearman_rho": 0.2669250857015141,
    "cosine_sim": 0.29206004885816944,
    "pearson": 0.28555223991139794
  },
  "at": {
    "top_k": 0.43922,
    "kendall_tau": 0.10300070772517937,
    "spearman_rho": 0.1489700366477482,
    "cosine_sim": 0.2329952130470192,
    "pearson": 0.21445144130429253
  },
  "at+cosine": {
    "top_k": 0.4686,
    "kendall_tau": 0.3318169077690691,
    "spearman_rho": 0.48659538246691225,
    "cosine_sim": 0.655788376674056,
    "pearson": 0.6456601489633321
  },
  "at+diff_kendall": {
    "top_k": 0.58638,
    "kendall_tau": 0.5051990452687606,
    "spearman_rho": 0.6833890074836091,
    "cosine_sim": 0.731999384034425,
    "pearson": 0.7293891583941876
  },
  "at+soft_spearman": {
    "top_k": 0.4274,
    "kendall_tau": 0.40480521829053756,
    "spearman_rho": 0.5818977202624083,
    "cosine_sim": 0.5251988429538905,
    "pearson": 0.5163829689342528
  },
  "at+pearson": {
    "top_k": 0.42421,
    "kendall_tau": 0.30630337352957576,
    "spearman_rho": 0.46699815307557585,
    "cosine_sim": 0.5853076912462711,
    "pearson": 0.5757835420891643
  },
  "trades": {
    "top_k": 0.32653999999999994,
    "kendall_tau": 0.3234023233652115,
    "spearman_rho": 0.46049571824632585,
    "cosine_sim": 0.16873406504979357,
    "pearson": 0.14545643976004793
  },
  "trades+cosine": {
    "top_k": 0.62108,
    "kendall_tau": 0.42588511360157283,
    "spearman_rho": 0.57306040854007,
    "cosine_sim": 0.7771461783051491,
    "pearson": 0.7638958625793457
  },
  "trades+diff_kendall": {
    "top_k": 0.54466,
    "kendall_tau": 0.4893200027644634,
    "spearman_rho": 0.7061534101888538,
    "cosine_sim": 0.5824737709313631,
    "pearson": 0.5622240245193243
  },
  "trades+soft_spearman": {
    "top_k": 0.48544,
    "kendall_tau": 0.4361461005080491,
    "spearman_rho": 0.5777918848718981,
    "cosine_sim": 0.484741879443638,
    "pearson": 0.46646851842803877
  },
  "trades+pearson": {
    "top_k": 0.63018,
    "kendall_tau": 0.43325053064711394,
    "spearman_rho": 0.594799646852538,
    "cosine_sim": 0.728268827110529,
    "pearson": 0.7247295383810997
  },
  "mart": {
    "top_k": 0.38395999999999997,
    "kendall_tau": 0.2755306793114869,
    "spearman_rho": 0.40214559193514293,
    "cosine_sim": 0.11202467708440964,
    "pearson": 0.0809574058293947
  },
  "mart+cosine": {
    "top_k": 0.47596,
    "kendall_tau": 0.33749091305118056,
    "spearman_rho": 0.5384775698184967,
    "cosine_sim": 0.6555452853143215,
    "pearson": 0.6432454827278853
  },
  "mart+diff_kendall": {
    "top_k": 0.5581699999999999,
    "kendall_tau": 0.5192727536037565,
    "spearman_rho": 0.6984134998470545,
    "cosine_sim": 0.7344579185871407,
    "pearson": 0.7288649348905311
  },
  "mart+soft_spearman": {
    "top_k": 0.44782,
    "kendall_tau": 0.4198888211660087,
    "spearman_rho": 0.6440401017740369,
    "cosine_sim": 0.5084802903942764,
    "pearson": 0.4980063749589026
  },
  "mart+pearson": {
    "top_k": 0.48746999999999996,
    "kendall_tau": 0.3414482496418059,
    "spearman_rho": 0.5328666847646236,
    "cosine_sim": 0.649562543258071,
    "pearson": 0.6401161803901195
  }
}