{
  "none": {
    "natural": 0.6473815461346634,
    "fgsm": 0.12219451371571072,
    "pgd20": 0.04638403990024938,
    "cw_inf": 0.08079800498753117
  },
  "at": {
    "natural": 0.6244389027431422,
    "fgsm": 0.57356608478803,
    "pgd20": 0.570573566084788,
    "cw_inf": 0.5620947630922694
  },
  "at+cosine": {
    "natural": 0.6713216957605985,
    "fgsm": 0.6593516209476309,
    "pgd20": 0.655860349127182,
    "cw_inf": 0.6548628428927681
  },
  "at+diff_kendall": {
    "natural": 0.6019950124688279,
    "fgsm": 0.39600997506234414,
    "pgd20": 0.3635910224438903,
    "cw_inf": 0.371571072319202
  },
  "at+soft_spearman": {
    "natural": 0.6658354114713217,
    "fgsm": 0.6309226932668329,
    "pgd20": 0.6159600997506235,
    "cw_inf": 0.6254364089775561
  },
  "at+pearson": {
    "natural": 0.30972568578553616,
    "fgsm": 0.02892768079800499,
    "pgd20": 0.023940149625935162,
    "cw_inf": 0.023940149625935162
  },
  "trades": {
    "natural": 0.5870324189526185,
    "fgsm": 0.46633416458852867,
    "pgd20": 0.46184538653366586,
    "cw_inf": 0.45486284289276807
  },
  "trades+cosine": {
    "natural": 0.6683291770573566,
    "fgsm": 0.6663341645885287,
    "pgd20": 0.6663341645885287,
    "cw_inf": 0.6663341645885287
  },
  "trades+diff_kendall": {
    "natural": 0.6688279301745635,
    "fgsm": 0.6683291770573566,
    "pgd20": 0.6683291770573566,
    "cw_inf": 0.6683291770573566
  },
  "trades+soft_spearman": {
    "natural": 0.6693266832917706,
    "fgsm": 0.6633416458852868,
    "pgd20": 0.658852867830424,
    "cw_inf": 0.6593516209476309
  },
  "trades+pearson": {
    "natural": 0.656857855361596,
    "fgsm": 0.6079800498753117,
    "pgd20": 0.6019950124688279,
    "cw_inf": 0.6019950124688279
  },
  "mart": {
    "natural": 0.6089775561097257,
    "fgsm": 0.514713216957606,
    "pgd20": 0.514214463840399,
    "cw_inf": 0.4972568578553616
  },
  "mart+cosine": {
    "natural": 0.6688279301745635,
    "fgsm": 0.6194513715710723,
    "pgd20": 0.6034912718204489,
    "cw_inf": 0.6
  },
  "mart+diff_kendall": {
    "natural": 0.6533665835411472,
    "fgsm": 0.6149625935162095,
    "pgd20": 0.6104738154613466,
    "cw_inf": 0.6109725685785536
  },
  "mart+soft_spearman": {
    "natural": 0.6613466334164588,
    "fgsm": 0.6149625935162095,
    "pgd20": 0.6054862842892768,
    "cw_inf": 0.6054862842892768
  },
  "mart+pearson": {
    "natural": 0.6678304239401496,
    "fgsm": 0.656857855361596,
    "pgd20": 0.655361596009975,
    "cw_inf": 0.65785536159601
  }
}