{
  "at+cosine+diff_kendall": {
    "natural": 0.6498753117206982,
    "fgsm": 0.5356608478802992,
    "pgd20": 0.5167082294264339,
    "cw_inf": 0.5167082294264339
  },
  "at+cosine+soft_spearman": {
    "natural": 0.6528678304239401,
    "fgsm": 0.6019950124688279,
    "pgd20": 0.5890274314214464,
    "cw_inf": 0.5885286783042394
  },
  "trades+cosine+diff_kendall": {
    "natural": 0.6678304239401496,
    "fgsm": 0.655860349127182,
    "pgd20": 0.654364089775561,
    "cw_inf": 0.6548628428927681
  },
  "trades+cosine+soft_spearman": {
    "natural": 0.6693266832917706,
    "fgsm": 0.6533665835411472,
    "pgd20": 0.6528678304239401,
    "cw_inf": 0.6528678304239401
  },
  "mart+cosine+diff_kendall": {
    "natural": 0.6698254364089775,
    "fgsm": 0.6618453865336659,
    "pgd20": 0.658852867830424,
    "cw_inf": 0.6598503740648379
  },
  "mart+cosine+soft_spearman": {
    "natural": 0.6688279301745635,
    "fgsm": 0.6643391521197007,
    "pgd20": 0.6628428927680798,
    "cw_inf": 0.6628428927680798
  }
}