{
  "none": {
    "top_k": 0.6889700000000001,
    "kendall_tau": 0.8084050659537315,
    "spearman_rho": 0.9386656178832053,
    "cosine_sim": 0.9384392926692963,
    "pearson": 0.938619999706745
  },
  "at": {
    "top_k": 0.87989,
    "kendall_tau": 0.9312257466912269,
    "spearman_rho": 0.9907371671795845,
    "cosine_sim": 0.9904426128864288,
    "pearson": 0.9904170897006989
  },
  "at+cosine": {
    "top_k": 0.8057700000000001,
    "kendall_tau": 0.8361491068005561,
    "spearman_rho": 0.9546746324896812,
    "cosine_sim": 0.9663084883093834,
    "pearson": 0.9663088437914847
  },
  "at+diff_kendall": {
    "top_k": 0.71923,
    "kendall_tau": 0.8320497096180915,
    "spearman_rho": 0.9549508624672889,
    "cosine_sim": 0.9571803570985795,
    "pearson": 0.9571750566363335
  },
  "at+soft_spearman": {
    "top_k": 0.7291700000000001,
    "kendall_tau": 0.8255843678116799,
    "spearman_rho": 0.9496903811693193,
    "cosine_sim": 0.9535874719619752,
    "pearson": 0.9535905714631081
  },
  "at+pearson": {
    "top_k": 0.79643,
    "kendall_tau": 0.8977543378472328,
    "spearman_rho": 0.9815560235977173,
    "cosine_sim": 0.984896421790123,
    "pearson": 0.9848923390507698
  },
  "trades": {
    "top_k": 0.9107200000000001,
    "kendall_tau": 0.9574829256534576,
    "spearman_rho": 0.9962806047201157,
    "cosine_sim": 0.9966138295531273,
    "pearson": 0.996600285410881
  },
  "trades+cosine": {
    "top_k": 0.92135,
    "kendall_tau": 0.9288160278797151,
    "spearman_rho": 0.9889467096328735,
    "cosine_sim": 0.9918046314120292,
    "pearson": 0.9918450157642364
  },
  "trades+diff_kendall": {
    "top_k": 0.84017,
    "kendall_tau": 0.9229256543517114,
    "spearman_rho": 0.989287363231182,
    "cosine_sim": 0.9906854620575904,
    "pearson": 0.9903123290538787
  },
  "trades+soft_spearman": {
    "top_k": 0.7806900000000001,
    "kendall_tau": 0.829277704179287,
    "spearman_rho": 0.9419837807416916,
    "cosine_sim": 0.9512695028185844,
    "pearson": 0.9505568354129791
  },
  "trades+pearson": {
    "top_k": 0.8386099999999999,
    "kendall_tau": 0.9091081379652023,
    "spearman_rho": 0.9847523015141487,
    "cosine_sim": 0.9860554437041283,
    "pearson": 0.9856011658906937
  },
  "mart": {
    "top_k": 0.90106,
    "kendall_tau": 0.963611114680767,
    "spearman_rho": 0.9975567725896836,
    "cosine_sim": 0.997487100303173,
    "pearson": 0.9973611136674881
  },
  "mart+cosine": {
    "top_k": 0.75341,
    "kendall_tau": 0.8416603329181671,
    "spearman_rho": 0.9560324013829231,
    "cosine_sim": 0.9602854956388474,
    "pearson": 0.9597969117164611
  },
  "mart+diff_kendall": {
    "top_k": 0.8124099999999999,
    "kendall_tau": 0.881182554244995,
    "spearman_rho": 0.9743635511994363,
    "cosine_sim": 0.9772786346077919,
    "pearson": 0.9773825206756591
  },
  "mart+soft_spearman": {
    "top_k": 0.8496500000000001,
    "kendall_tau": 0.9003902943134309,
    "spearman_rho": 0.9798778167963027,
    "cosine_sim": 0.9853181818723679,
    "pearson": 0.9853635001778602
  },
  "mart+pearson": {
    "top_k": 0.87989,
    "kendall_tau": 0.9060099278688432,
    "spearman_rho": 0.9827949340343476,
    "cosine_sim": 0.9890407915711403,
    "pearson": 0.9891321794986725
  }
}