{
  "none": {
    "top_k": 0.46316000000000007,
    "kendall_tau": 0.259157614113763,
    "spearman_rho": 0.35273325497005137,
    "cosine_sim": 0.4504775763284415,
    "pearson": 0.449965545706451
  },
  "at": {
    "top_k": 0.74432,
    "kendall_tau": 0.5358827204555273,
    "spearman_rho": 0.6366124010831118,
    "cosine_sim": 0.7806407518088818,
    "pearson": 0.7760388462767005
  },
  "at+cosine": {
    "top_k": 0.79924,
    "kendall_tau": 0.6376321042180061,
    "spearman_rho": 0.7614267364740372,
    "cosine_sim": 0.8745940665602685,
    "pearson": 0.8658148341774939
  },
  "at+diff_kendall": {
    "top_k": 0.77623,
    "kendall_tau": 0.5951092225909234,
    "spearman_rho": 0.7204110324680805,
    "cosine_sim": 0.8493309925496579,
    "pearson": 0.8486369638144969
  },
  "at+soft_spearman": {
    "top_k": 0.81656,
    "kendall_tau": 0.6041510840058326,
    "spearman_rho": 0.7215588892102242,
    "cosine_sim": 0.8739819717109203,
    "pearson": 0.8698214901387692
  },
  "at+pearson": {
    "top_k": 0.79132,
    "kendall_tau": 0.5765144074857235,
    "spearman_rho": 0.6930787506401539,
    "cosine_sim": 0.8740397742092609,
    "pearson": 0.8710575636327267
  },
  "trades": {
    "top_k": 0.79661,
    "kendall_tau": 0.561235741585493,
    "spearman_rho": 0.6772798811495304,
    "cosine_sim": 0.8556214555501939,
    "pearson": 0.8505716384351253
  },
  "trades+cosine": {
    "top_k": 0.80673,
    "kendall_tau": 0.5653377980589867,
    "spearman_rho": 0.6877450044155121,
    "cosine_sim": 0.9344797829389572,
    "pearson": 0.9329462306499481
  },
  "trades+diff_kendall": {
    "top_k": 0.84324,
    "kendall_tau": 0.9230645098090171,
    "spearman_rho": 0.9866023442149162,
    "cosine_sim": 0.9708852905929088,
    "pearson": 0.9705409536063672
  },
  "trades+soft_spearman": {
    "top_k": 0.8343299999999999,
    "kendall_tau": 0.748078945338726,
    "spearman_rho": 0.8777789894342423,
    "cosine_sim": 0.9483779634237288,
    "pearson": 0.9463309368491173
  },
  "trades+pearson": {
    "top_k": 0.82046,
    "kendall_tau": 0.6383377666771411,
    "spearman_rho": 0.7558341769576072,
    "cosine_sim": 0.929095772743225,
    "pearson": 0.9269750294089316
  },
  "mart": {
    "top_k": 0.36356,
    "kendall_tau": 0.1664998870237032,
    "spearman_rho": 0.2286674055934418,
    "cosine_sim": 0.299636881235987,
    "pearson": 0.29663048137072473
  },
  "mart+cosine": {
    "top_k": 0.52369,
    "kendall_tau": 0.2757050236351788,
    "spearman_rho": 0.37699330173805357,
    "cosine_sim": 0.6638126847893,
    "pearson": 0.6619112363308668
  },
  "mart+diff_kendall": {
    "top_k": 0.5445300000000001,
    "kendall_tau": 0.31451641910523176,
    "spearman_rho": 0.42787383927404876,
    "cosine_sim": 0.5951214809939265,
    "pearson": 0.5949977620393038
  },
  "mart+soft_spearman": {
    "top_k": 0.7927599999999999,
    "kendall_tau": 0.5837562767863274,
    "spearman_rho": 0.7002863412499428,
    "cosine_sim": 0.8746125651597977,
    "pearson": 0.8736535795927047
  },
  "mart+pearson": {
    "top_k": 0.55801,
    "kendall_tau": 0.28857521158084276,
    "spearman_rho": 0.39555692725628616,
    "cosine_sim": 0.6527365201907231,
    "pearson": 0.6516708779381588
  }
}